"country","iso3a","iso3n","data","method","populex","resprate","ref","year","sex","agemin","agemax","N1","cdtl","cda","cdase","fdtl","fda","fdase","laa","laase","N2","heda","hedase","heda30","hedase30","hedtl","hedtlm","hedalc","hedact","N3","ddla","ddlase"
"Russian Federation","RUS","643","RLMS-HSE","CATI interview","non-households","unknwon","UNC Dataverse Download","2016","female","15","19","65","30","52","4.46855681400606","30","48","4.46855681400606","74.3326488706365","1.97931925686902","14","11.2","2.82072331149299","21.5384615384615","5.09893024738805","30","1","40","total","68","4.35038235294118","0.809178742254533"
"Russian Federation","RUS","643","RLMS-HSE","CATI interview","non-households","unknwon","UNC Dataverse Download","2016","female","20","24","169","30","55.5921052631579","2.849704716193","30","44.4078947368421","2.849704716193","41.1089866156788","2.15150349004739","41","13.4868421052632","1.95911273263966","24.2603550295858","3.29736372804276","30","1","40","total","170","4.94842352941177","0.600311891882135"
"Russian Federation","RUS","643","RLMS-HSE","CATI interview","non-households","unknwon","UNC Dataverse Download","2016","female","25","29","271","30","62.877030162413","2.32717333204745","30","37.122969837587","2.32717333204745","38.6779184247539","1.82643907726441","99","22.969837587007","2.02614598774033","36.5313653136531","2.92501356459827","30","1","40","total","283","5.7117691401649","0.418442996152421"
"Russian Federation","RUS","643","RLMS-HSE","CATI interview","non-households","unknwon","UNC Dataverse Download","2016","female","30","34","363","30","61.2141652613828","2.00094518032228","30","38.7858347386172","2.00094518032228","32.2285714285714","1.57993718737011","156","26.3069139966273","1.80809388590047","42.9752066115703","2.59828947645238","30","1","40","total","373","7.18325647899911","0.448161559927303"
"Russian Federation","RUS","643","RLMS-HSE","CATI interview","non-households","unknwon","UNC Dataverse Download","2016","female","35","39","349","30","62.7697841726619","2.05015028936012","30","37.2302158273381","2.05015028936012","27.5324675324675","1.60971481898752","144","25.8992805755396","1.85788003036698","41.2607449856734","2.63523916358043","30","1","40","total","361","6.97288088642659","0.450346792525035"
"Russian Federation","RUS","643","RLMS-HSE","CATI interview","non-households","unknwon","UNC Dataverse Download","2016","female","40","44","333","30","62.1268656716418","2.09518777387664","30","37.6865671641791","2.09315665876448","27.3954116059379","1.63836946342934","113","21.0820895522388","1.76182277945953","33.9339339339339","2.59468243537101","30","1","40","total","340","5.5654862745098","0.385755891811382"
"Russian Federation","RUS","643","RLMS-HSE","CATI interview","non-households","unknwon","UNC Dataverse Download","2016","female","45","49","264","30","61.8266978922717","2.35100716718433","30","38.1733021077283","2.35100716718433","29.672131147541","1.84958025717544","97","22.7166276346604","2.02768750298849","36.7424242424242","2.96714118930039","30","1","40","total","272","6.89512254901961","0.51561820911728"
"Russian Federation","RUS","643","RLMS-HSE","CATI interview","non-households","unknwon","UNC Dataverse Download","2016","female","50","54","241","30","58.780487804878","2.43095034809403","30","41.219512195122","2.43095034809403","33.8658146964856","1.89150111313987","90","21.9512195121951","2.04418623152072","37.344398340249","3.11590468711904","30","1","40","total","246","6.9890108401084","0.537456461676148"
"Russian Federation","RUS","643","RLMS-HSE","CATI interview","non-households","unknwon","UNC Dataverse Download","2016","female","55","59","278","30","58.1589958158996","2.25629328492707","30","41.8410041841004","2.25629328492707","36.5435356200528","1.74907573270054","95","19.8744769874477","1.82523733953941","34.1726618705036","2.84459310901925","30","1","40","total","284","6.51139671361502","0.546623732899612"
"Russian Federation","RUS","643","RLMS-HSE","CATI interview","non-households","unknwon","UNC Dataverse Download","2016","female","60","64","223","30","55.75","2.48341372912368","30","44.25","2.48341372912368","44.1217150760719","1.84662443578839","75","18.75","1.9515618744995","33.6322869955157","3.16376483666482","30","1","40","total","226","5.62754277286136","0.443523378184431"
"Russian Federation","RUS","643","RLMS-HSE","CATI interview","non-households","unknwon","UNC Dataverse Download","2016","female","65","69","157","30","50.974025974026","2.84847377304418","30","49.025974025974","2.84847377304418","49.4290375203915","2.01934930559847","47","15.2597402597403","2.04900542327444","29.9363057324841","3.65507079260835","30","1","40","total","158","6.09278481012658","0.652984115051046"
"Russian Federation","RUS","643","RLMS-HSE","CATI interview","non-households","unknwon","UNC Dataverse Download","2016","female","70","74","72","30","50.7042253521127","4.19549059282235","30","49.2957746478873","4.19549059282235","57.1428571428571","2.69974623578019","17","11.9718309859155","2.72424994385484","23.6111111111111","5.00503433112029","30","1","40","total","73","4.27397260273973","0.759768830103437"
"Russian Federation","RUS","643","RLMS-HSE","CATI interview","non-households","unknwon","UNC Dataverse Download","2016","female","75","79","78","30","44.0677966101695","3.73168519129122","30","55.9322033898305","3.73168519129122","65.774378585086","2.07468995138258","7","3.95480225988701","1.46491889649183","8.97435897435897","3.23620698055063","30","1","40","total","80","3.040875","0.447493938953328"
"Russian Federation","RUS","643","RLMS-HSE","CATI interview","non-households","unknwon","UNC Dataverse Download","2016","female","80","84","29","30","45.3125","6.22247356331015","30","54.6875","6.22247356331015","73.9837398373984","2.79719678450914","5","7.8125","3.35460235103861","17.2413793103448","7.01445003745666","30","1","40","total","29","3.47264367816092","0.961050732612156"
"Russian Federation","RUS","643","RLMS-HSE","CATI interview","non-households","unknwon","UNC Dataverse Download","2016","female","85","89","6","30","26.0869565217391","9.15605371517001","30","73.9130434782609","9.15605371517001","82.7338129496403","3.20576985420271","2","8.69565217391304","5.87533847558414","33.3333333333333","19.2450089729875","30","1","40","total","6","4.11111111111111","1.88888888888889"
"Russian Federation","RUS","643","RLMS-HSE","CATI interview","non-households","unknwon","UNC Dataverse Download","2016","female","90","94","2","30","40","21.9089023002066","30","60","21.9089023002066","89.5833333333333","4.40917538166677","0","0","0","0","0","30","1","40","total","2","0.416666666666667","0.416666666666667"
"Russian Federation","RUS","643","RLMS-HSE","CATI interview","non-households","unknwon","UNC Dataverse Download","2016","male","15","19","47","30","41.5929203539823","4.63663844113967","30","58.4070796460177","4.63663844113967","74.9478079331942","1.97986043630379","16","14.1592920353982","3.27965524385565","34.0425531914894","6.91184596975729","30","1","60","total","56","8.38428571428572","1.03667676431339"
"Russian Federation","RUS","643","RLMS-HSE","CATI interview","non-households","unknwon","UNC Dataverse Download","2016","male","20","24","180","30","63.8297872340426","2.86129526356912","30","36.1702127659575","2.86129526356912","37.3101952277657","2.25248421781427","87","30.8510638297872","2.75044692922039","48.3333333333333","3.72470895374705","30","1","60","total","194","12.7408762886598","0.837358139045446"
"Russian Federation","RUS","643","RLMS-HSE","CATI interview","non-households","unknwon","UNC Dataverse Download","2016","male","25","29","380","30","73.6434108527132","1.93948622784579","30","26.3565891472868","1.93948622784579","22.9166666666667","1.62132967162774","203","39.3410852713178","2.15053064337037","53.4210526315789","2.55893501639584","30","1","60","total","410","13.5508357723577","0.61854518192176"
"Russian Federation","RUS","643","RLMS-HSE","CATI interview","non-households","unknwon","UNC Dataverse Download","2016","male","30","34","447","30","71.405750798722","1.80600428847907","30","28.594249201278","1.80600428847907","17.2368421052632","1.37006313951917","284","45.3674121405751","1.9898059411074","63.5346756152125","2.27662597989411","30","1","60","total","468","15.401858974359","0.631902835478882"
"Russian Federation","RUS","643","RLMS-HSE","CATI interview","non-households","unknwon","UNC Dataverse Download","2016","male","35","39","410","30","74.4101633393829","1.85897729906732","30","25.4083484573503","1.85463106745765","17.9411764705882","1.47140980510991","275","49.9092558983666","2.13006810619711","67.0731707317073","2.32090543788934","30","1","60","total","430","16.2064728682171","0.678635158670312"
"Russian Federation","RUS","643","RLMS-HSE","CATI interview","non-households","unknwon","UNC Dataverse Download","2016","male","40","44","375","30","73.2421875","1.95646001279597","30","26.7578125","1.95646001279597","20.0622083981337","1.57928298099616","262","51.171875","2.20910169321946","69.8666666666667","2.36942499666371","30","1","60","total","390","16.7693162393162","0.707356477277279"
"Russian Federation","RUS","643","RLMS-HSE","CATI interview","non-households","unknwon","UNC Dataverse Download","2016","male","45","49","265","30","71.8157181571816","2.34207100422939","30","28.1842818428184","2.34207100422939","20.0431034482759","1.85845246905007","178","48.2384823848238","2.60128020165276","67.1698113207547","2.88470107617834","30","1","60","total","276","16.713270531401","0.819557708353313"
"Russian Federation","RUS","643","RLMS-HSE","CATI interview","non-households","unknwon","UNC Dataverse Download","2016","male","50","54","276","30","75","2.25723474535817","30","25","2.25723474535817","22.5941422594142","1.91280586555314","200","54.3478260869565","2.59655729865736","72.463768115942","2.68879796565682","30","1","60","total","284","18.5027582159624","0.943271040433256"
"Russian Federation","RUS","643","RLMS-HSE","CATI interview","non-households","unknwon","UNC Dataverse Download","2016","male","55","59","266","30","73.8888888888889","2.31499999259318","30","25.8333333333333","2.30697747317316","28.8235294117647","2.00565724078198","188","52.2222222222222","2.63262739925718","70.6766917293233","2.79128236027394","30","1","60","total","277","16.8156919374248","0.852068221619474"
"Russian Federation","RUS","643","RLMS-HSE","CATI interview","non-households","unknwon","UNC Dataverse Download","2016","male","60","64","227","30","73.7012987012987","2.50858813183197","30","26.2987012987013","2.50858813183197","28.7037037037037","2.17650956769959","163","52.9220779220779","2.84414496578846","71.8061674008811","2.98637955287896","30","1","60","total","231","15.9261327561328","0.801265846225832"
"Russian Federation","RUS","643","RLMS-HSE","CATI interview","non-households","unknwon","UNC Dataverse Download","2016","male","65","69","140","30","71.0659898477157","3.23074072672656","30","28.9340101522843","3.23074072672656","35.4838709677419","2.71749528765881","89","45.1776649746193","3.54574534839287","63.5714285714286","4.06712984664915","30","1","60","total","145","16.6349057471264","1.72319125301051"
"Russian Federation","RUS","643","RLMS-HSE","CATI interview","non-households","unknwon","UNC Dataverse Download","2016","male","70","74","67","30","71.2765957446808","4.66688933886901","30","28.7234042553192","4.66688933886901","36.0544217687075","3.96027969859728","39","41.4893617021277","5.08185030359167","58.2089552238806","6.02558358371727","30","1","60","total","69","11.3071497584541","1.36522111338464"
"Russian Federation","RUS","643","RLMS-HSE","CATI interview","non-households","unknwon","UNC Dataverse Download","2016","male","75","79","85","30","66.40625","4.174733300742","30","33.59375","4.174733300742","34.5","3.36136133136561","54","42.1875","4.36513606223184","63.5294117647059","5.22094764589616","30","1","60","total","86","14.0045736434109","1.27298385017184"
"Russian Federation","RUS","643","RLMS-HSE","CATI interview","non-households","unknwon","UNC Dataverse Download","2016","male","80","84","22","30","51.1627906976744","7.62286633173339","30","48.8372093023256","7.62286633173339","45.679012345679","5.53477119391825","9","20.9302325581395","6.20380344866582","40.9090909090909","10.4823561107156","30","1","60","total","24","8.54111111111111","1.64185956916962"
"Russian Federation","RUS","643","RLMS-HSE","CATI interview","non-households","unknwon","UNC Dataverse Download","2016","male","85","89","10","30","47.6190476190476","10.898516862311","30","52.3809523809524","10.898516862311","58","6.97997134664606","1","4.76190476190476","4.64714320451682","10","9.48683298050514","30","1","60","total","10","3.70866666666667","1.47017293011552"
"Russian Federation","RUS","643","RLMS-HSE","CATI interview","non-households","unknwon","UNC Dataverse Download","2016","male","90","94","2","30","50","25","30","50","25","42.8571428571429","18.7043905916565","0","0","0","0","0","30","1","60","total","2","1.26833333333333","0.0649999999999999"
"Russian Federation","RUS","643","RLMS-HSE","CATI interview","non-households","unknwon","UNC Dataverse Download","2016","total","15","19","112","30","47.0588235294118","3.23540646009957","30","52.9411764705882","3.23540646009957","74.6376811594203","1.39986122762635","26","10.9243697478992","2.02203732895031","23.2142857142857","3.98941177883505","30","1","60","total","124","6.17214516129032","0.667367419477306"
"Russian Federation","RUS","643","RLMS-HSE","CATI interview","non-households","unknwon","UNC Dataverse Download","2016","total","20","24","349","30","59.5563139931741","2.02740476302748","30","40.4436860068259","2.02740476302748","39.3292682926829","1.55722009870259","103","17.5767918088737","1.57233743230108","29.512893982808","2.44145107343054","30","1","60","total","364","9.10154395604396","0.564521485718519"
"Russian Federation","RUS","643","RLMS-HSE","CATI interview","non-households","unknwon","UNC Dataverse Download","2016","total","25","29","651","30","68.7434002111932","1.50629967124804","30","31.2565997888068","1.50629967124804","31.0195227765727","1.24385444728225","254","26.8215417106653","1.43965525591783","39.0168970814132","1.91179195111063","30","1","60","total","693","10.3496007696008","0.429394356992953"
"Russian Federation","RUS","643","RLMS-HSE","CATI interview","non-households","unknwon","UNC Dataverse Download","2016","total","30","34","810","30","66.447908121411","1.35237958130685","30","33.552091878589","1.35237958130685","25.2599388379205","1.07456822242528","377","30.9269893355209","1.32379629853947","46.5432098765432","1.75261730275861","30","1","60","total","841","11.7567475227903","0.427586967359904"
"Russian Federation","RUS","643","RLMS-HSE","CATI interview","non-households","unknwon","UNC Dataverse Download","2016","total","35","39","759","30","68.5636856368564","1.39536902663208","30","31.3459801264679","1.39428033537753","23.0344827586207","1.10574078146574","361","32.6106594399277","1.40896947191789","47.562582345191","1.81272729079651","30","1","60","total","791","11.992406236831","0.452669587528933"
"Russian Federation","RUS","643","RLMS-HSE","CATI interview","non-households","unknwon","UNC Dataverse Download","2016","total","40","44","708","30","67.5572519083969","1.44615273542743","30","32.3473282442748","1.44504390563155","23.9884393063584","1.1478173274764","333","31.7748091603053","1.43824612858509","47.0338983050847","1.87580575558269","30","1","60","total","730","11.5510940639269","0.466598884519259"
"Russian Federation","RUS","643","RLMS-HSE","CATI interview","non-households","unknwon","UNC Dataverse Download","2016","total","45","49","529","30","66.4572864321608","1.6734543319487","30","33.5427135678392","1.6734543319487","25.512104283054","1.33019053372483","248","31.1557788944724","1.64152128352906","46.8809073724008","2.16967903386237","30","1","60","total","548","11.8400291970803","0.528681067676216"
"Russian Federation","RUS","643","RLMS-HSE","CATI interview","non-households","unknwon","UNC Dataverse Download","2016","total","50","54","517","30","66.452442159383","1.69276289076766","30","33.547557840617","1.69276289076766","28.9855072463768","1.3654613457997","267","34.318766066838","1.70214551678926","51.6441005802708","2.19780835676799","30","1","60","total","530","13.158641509434","0.616023280056176"
"Russian Federation","RUS","643","RLMS-HSE","CATI interview","non-households","unknwon","UNC Dataverse Download","2016","total","55","59","544","30","64.9164677804296","1.64856884087294","30","34.964200477327","1.64727471930216","33.4384858044164","1.32487611692443","256","30.5489260143198","1.59116584177844","47.0588235294118","2.14002022090882","30","1","60","total","561","11.599257278669","0.548192708869973"
"Russian Federation","RUS","643","RLMS-HSE","CATI interview","non-households","unknwon","UNC Dataverse Download","2016","total","60","64","450","30","63.5593220338983","1.80869868708173","30","36.4406779661017","1.80869868708173","38.3549783549783","1.43076689722256","221","31.2146892655367","1.74144888236797","49.1111111111111","2.35665010675144","30","1","60","total","457","10.8331757840992","0.519448621885495"
"Russian Federation","RUS","643","RLMS-HSE","CATI interview","non-households","unknwon","UNC Dataverse Download","2016","total","65","69","297","30","58.8118811881188","2.19014478020752","30","41.1881188118812","2.19014478020752","44.7453954496208","1.63665658554332","118","23.3663366336634","1.88303945142451","39.7306397306397","2.83944097479659","30","1","60","total","303","11.1376941694169","0.94073323119639"
"Russian Federation","RUS","643","RLMS-HSE","CATI interview","non-households","unknwon","UNC Dataverse Download","2016","total","70","74","139","30","58.8983050847458","3.20276639335725","30","41.1016949152542","3.20276639335725","50.7246376811594","2.27483983475107","51","21.6101694915254","2.67918650986851","36.6906474820144","4.08793727826413","30","1","60","total","142","7.69150234741784","0.822157746860425"
"Russian Federation","RUS","643","RLMS-HSE","CATI interview","non-households","unknwon","UNC Dataverse Download","2016","total","75","79","163","30","53.4426229508197","2.85619737299495","30","46.5573770491803","2.85619737299495","57.1230982019364","1.84055341969223","57","18.6885245901639","2.23209928950909","34.9693251533742","3.73515779649999","30","1","60","total","166","8.72086345381526","0.812759828452086"
"Russian Federation","RUS","643","RLMS-HSE","CATI interview","non-households","unknwon","UNC Dataverse Download","2016","total","80","84","51","30","47.6635514018692","4.82840215433664","30","52.3364485981308","4.82840215433664","66.9724770642202","2.60083203712484","12","11.214953271028","3.05054024667037","23.5294117647059","5.93974310938119","30","1","60","total","53","5.76779874213836","0.966672663776153"
"Russian Federation","RUS","643","RLMS-HSE","CATI interview","non-households","unknwon","UNC Dataverse Download","2016","total","85","89","16","30","36.3636363636364","7.25203668379514","30","63.6363636363636","7.25203668379514","76.1904761904762","3.09809546967788","2","4.54545454545455","3.14022399867162","12.5","8.26797284707685","30","1","60","total","16","3.85958333333333","1.12207239958365"
"Russian Federation","RUS","643","RLMS-HSE","CATI interview","non-households","unknwon","UNC Dataverse Download","2016","total","90","94","4","30","44.4444444444444","16.5634664999984","30","55.5555555555556","16.5634664999984","83.6363636363636","4.98834102742187","0","0","0","0","0","30","1","60","total","4","0.8425","0.300140013623272"
"Russian Federation","RUS","643","RLMS-HSE","CATI interview","non-households","unknwon","UNC Dataverse Download","2017","female","15","19","55","30","49.1071428571429","4.72380257514541","30","50.8928571428571","4.72380257514541","77.4","1.87042241218394","11","9.82142857142857","2.81209504697245","20","5.39359889970594","30","1","40","total","58","4.00614942528736","0.769193980032753"
"Russian Federation","RUS","643","RLMS-HSE","CATI interview","non-households","unknwon","UNC Dataverse Download","2017","female","20","24","189","30","64.9484536082474","2.79699380516367","30","34.7079037800687","2.79060266015678","43.9539347408829","2.1744658023722","60","20.6185567010309","2.37160376788658","31.7460317460317","3.38592843080521","30","1","40","total","191","4.87524432809773","0.400404271026057"
"Russian Federation","RUS","643","RLMS-HSE","CATI interview","non-households","unknwon","UNC Dataverse Download","2017","female","25","29","246","30","62.9156010230179","2.44279160367032","30","37.0843989769821","2.44279160367032","41.2293853073463","1.90599005187084","94","24.0409207161125","2.1611107087515","38.2113821138211","3.0980117465633","30","1","40","total","255","5.61547712418301","0.410598287661715"
"Russian Federation","RUS","643","RLMS-HSE","CATI interview","non-households","unknwon","UNC Dataverse Download","2017","female","30","34","357","30","61.6580310880829","2.02065769793142","30","38.1692573402418","2.01892322748481","33.0285714285714","1.58995799126712","148","25.5613126079447","1.81280732421793","41.4565826330532","2.60736407011013","30","1","40","total","370","6.79742522522523","0.421727503257708"
"Russian Federation","RUS","643","RLMS-HSE","CATI interview","non-households","unknwon","UNC Dataverse Download","2017","female","35","39","352","30","65.5493482309125","2.05066994984358","30","34.4506517690875","2.05066994984358","32.5842696629214","1.65603060790397","145","27.0018621973929","1.91586809901799","41.1931818181818","2.62334360809154","30","1","40","total","357","7.0802827264239","0.421080300376287"
"Russian Federation","RUS","643","RLMS-HSE","CATI interview","non-households","unknwon","UNC Dataverse Download","2017","female","40","44","328","30","62.5954198473283","2.11382011865386","30","37.4045801526718","2.11382011865386","31.1111111111111","1.67379256121091","118","22.5190839694656","1.82476562027469","35.9756097560976","2.64996345941601","30","1","40","total","333","5.6912980980981","0.393973486096748"
"Russian Federation","RUS","643","RLMS-HSE","CATI interview","non-households","unknwon","UNC Dataverse Download","2017","female","45","49","291","30","64.6666666666667","2.25333771641038","30","35.1111111111111","2.25009678194533","30.030959752322","1.80352142282256","99","22","1.95277580211691","34.020618556701","2.77733794810264","30","1","40","total","298","6.80226174496644","0.570688592813281"
"Russian Federation","RUS","643","RLMS-HSE","CATI interview","non-households","unknwon","UNC Dataverse Download","2017","female","50","54","265","30","66.0847880299252","2.36415437742129","30","33.9152119700748","2.36415437742129","33.4983498349835","1.91730677006756","101","25.1870324189526","2.16772784029287","38.1132075471698","2.98341590038233","30","1","40","total","271","7.08356703567036","0.528504645477732"
"Russian Federation","RUS","643","RLMS-HSE","CATI interview","non-households","unknwon","UNC Dataverse Download","2017","female","55","59","249","30","58.4507042253521","2.3876568346077","30","41.5492957746479","2.3876568346077","42.4731182795699","1.81219956782113","81","19.0140845070423","1.90124313240189","32.5301204819277","2.96891750019904","30","1","40","total","254","6.03541994750656","0.497808204645177"
"Russian Federation","RUS","643","RLMS-HSE","CATI interview","non-households","unknwon","UNC Dataverse Download","2017","female","60","64","220","30","56.701030927835","2.51546565984025","30","43.298969072165","2.51546565984025","44.9295774647887","1.86679314367927","67","17.2680412371134","1.91885575570381","30.4545454545455","3.1027665123326","30","1","40","total","228","5.96845614035088","0.558543946076568"
"Russian Federation","RUS","643","RLMS-HSE","CATI interview","non-households","unknwon","UNC Dataverse Download","2017","female","65","69","149","30","46.8553459119497","2.79830988449155","30","52.8301886792453","2.79936539980668","50.8422664624809","1.95637356611101","42","13.2075471698113","1.89862198848323","28.1879194630872","3.68584553843887","30","1","40","total","152","5.78339912280702","0.674126744274938"
"Russian Federation","RUS","643","RLMS-HSE","CATI interview","non-households","unknwon","UNC Dataverse Download","2017","female","70","74","88","30","54.320987654321","3.91367424353556","30","45.679012345679","3.91367424353556","55.7377049180328","2.5962766226452","26","16.0493827160494","2.88392263945523","29.5454545454545","4.8636073993113","30","1","40","total","89","4.93198501872659","0.662423228237117"
"Russian Federation","RUS","643","RLMS-HSE","CATI interview","non-households","unknwon","UNC Dataverse Download","2017","female","75","79","55","30","36.9127516778523","3.95335549546455","30","63.0872483221477","3.95335549546455","68.9300411522634","2.09921283599589","8","5.36912751677852","1.84660984746858","14.5454545454545","4.75389831728861","30","1","40","total","57","3.33374269005848","0.6374393570633"
"Russian Federation","RUS","643","RLMS-HSE","CATI interview","non-households","unknwon","UNC Dataverse Download","2017","female","80","84","32","30","48.4848484848485","6.15174810815215","30","51.5151515151515","6.15174810815215","74.4186046511628","2.7163956303353","3","4.54545454545455","2.56398215826257","9.375","5.15269763995036","30","1","40","total","33","2.99979797979798","1.10715072225447"
"Russian Federation","RUS","643","RLMS-HSE","CATI interview","non-households","unknwon","UNC Dataverse Download","2017","female","85","89","12","30","46.1538461538462","9.77675245080373","30","53.8461538461538","9.77675245080373","82.8947368421053","3.05426393933293","2","7.69230769230769","5.22589400374429","16.6666666666667","10.7582870727984","30","1","40","total","12","3.58577777777778","1.64782864439902"
"Russian Federation","RUS","643","RLMS-HSE","CATI interview","non-households","unknwon","UNC Dataverse Download","2017","female","90","94","1","30","50","35.3553390593274","30","50","35.3553390593274","95.9183673469388","2.82663548537395","0","0","0","0","0","30","1","40","total",NA,NA,NA
"Russian Federation","RUS","643","RLMS-HSE","CATI interview","non-households","unknwon","UNC Dataverse Download","2017","female","100","104","0","30","0","0","30","100","0","0","0","0","0","0",NA,NA,NA,NA,NA,NA,NA,NA,NA
"Russian Federation","RUS","643","RLMS-HSE","CATI interview","non-households","unknwon","UNC Dataverse Download","2017","female","100","188","0","30","0","0","30","100","0","0","0","0","0","0",NA,NA,NA,NA,NA,NA,NA,NA,NA
"Russian Federation","RUS","643","RLMS-HSE","CATI interview","non-households","unknwon","UNC Dataverse Download","2017","male","15","19","40","30","37.037037037037","4.64674476980914","30","62.962962962963","4.64674476980914","77.0020533880903","1.90691442220337","18","16.6666666666667","3.58609569093279","45","7.86606636127614","30","1","60","total","46","8.94471014492754","1.10884394096354"
"Russian Federation","RUS","643","RLMS-HSE","CATI interview","non-households","unknwon","UNC Dataverse Download","2017","male","20","24","170","30","66.147859922179","2.95178282863869","30","33.4630350194552","2.9433885480637","42.9824561403509","2.31828831204373","77","29.9610894941634","2.85747164896971","45.2941176470588","3.8178024717648","30","1","60","total","181","12.3742909760589","0.921403808802738"
"Russian Federation","RUS","643","RLMS-HSE","CATI interview","non-households","unknwon","UNC Dataverse Download","2017","male","25","29","311","30","70.3619909502262","2.17211311742585","30","29.6380090497738","2.17211311742585","27.4636510500808","1.79395546579597","172","38.9140271493213","2.31906382556524","55.3054662379421","2.81923345263281","30","1","60","total","342","13.03738791423","0.647874408009063"
"Russian Federation","RUS","643","RLMS-HSE","CATI interview","non-households","unknwon","UNC Dataverse Download","2017","male","30","34","487","30","80.3630363036304","1.61372313419486","30","19.6369636963696","1.61372313419486","22.9695431472081","1.49845707546695","314","51.8151815181518","2.02977226285033","64.476386036961","2.16867480391868","30","1","60","total","500","16.6427213333333","0.651283441180892"
"Russian Federation","RUS","643","RLMS-HSE","CATI interview","non-households","unknwon","UNC Dataverse Download","2017","male","35","39","403","30","75.4681647940075","1.86198546019563","30","24.1573033707865","1.85229639382615","21.5743440233236","1.57049233812344","273","51.123595505618","2.16316522020964","67.741935483871","2.32860288110302","30","1","60","total","418","16.1065948963317","0.70765091932278"
"Russian Federation","RUS","643","RLMS-HSE","CATI interview","non-households","unknwon","UNC Dataverse Download","2017","male","40","44","372","30","76.7010309278351","1.91954405421274","30","23.2989690721649","1.91954405421274","25.2679938744257","1.7005214374632","244","50.3092783505155","2.27033961168259","65.5913978494624","2.46311953240467","30","1","60","total","381","17.8082152230971","0.82350447722507"
"Russian Federation","RUS","643","RLMS-HSE","CATI interview","non-households","unknwon","UNC Dataverse Download","2017","male","45","49","308","30","74.3961352657005","2.14500238398212","30","25.6038647342995","2.14500238398212","21.2806026365348","1.77617429662076","212","51.207729468599","2.45664896338511","68.8311688311688","2.63923141634076","30","1","60","total","319","16.7580355276907","0.739215072279433"
"Russian Federation","RUS","643","RLMS-HSE","CATI interview","non-households","unknwon","UNC Dataverse Download","2017","male","50","54","255","30","75.6676557863502","2.33739529284103","30","23.7388724035608","2.31775060896373","26.304347826087","2.05284323934694","182","54.0059347181009","2.71491784282267","71.3725490196078","2.83065443025935","30","1","60","total","258","18.0833204134367","0.993536730534042"
"Russian Federation","RUS","643","RLMS-HSE","CATI interview","non-households","unknwon","UNC Dataverse Download","2017","male","55","59","238","30","70","2.48525060873854","30","30","2.48525060873854","31.6205533596838","2.06715130270913","159","46.7647058823529","2.70594817130723","66.8067226890756","3.0524367401015","30","1","60","total","244","14.6855245901639","0.733301033502079"
"Russian Federation","RUS","643","RLMS-HSE","CATI interview","non-households","unknwon","UNC Dataverse Download","2017","male","60","64","214","30","71.3333333333333","2.61080376441744","30","28.3333333333333","2.6016376608818","32.4444444444444","2.20695993475983","147","49","2.88617393793236","68.6915887850467","3.17011785851449","30","1","60","total","221","15.1833031674208","0.857431224338415"
"Russian Federation","RUS","643","RLMS-HSE","CATI interview","non-households","unknwon","UNC Dataverse Download","2017","male","65","69","143","30","68.4210526315789","3.21529301718176","30","31.5789473684211","3.21529301718176","35.3474320241692","2.62759137044006","97","46.4114832535885","3.44965329896581","67.8321678321678","3.9062562249733","30","1","60","total","146","14.0142465753425","1.04364040615054"
"Russian Federation","RUS","643","RLMS-HSE","CATI interview","non-households","unknwon","UNC Dataverse Download","2017","male","70","74","70","30","69.3069306930693","4.58931435075327","30","30.6930693069307","4.58931435075327","40.6976744186046","3.7459022097469","36","35.6435643564356","4.76569086927666","51.4285714285714","5.97370330660431","30","1","60","total","73","11.7396347031963","1.35955285505044"
"Russian Federation","RUS","643","RLMS-HSE","CATI interview","non-households","unknwon","UNC Dataverse Download","2017","male","75","79","71","30","69.6078431372549","4.55417551082306","30","30.3921568627451","4.55417551082306","44.2622950819672","3.67168961141705","35","34.3137254901961","4.70079341655515","49.2957746478873","5.93331969717811","30","1","60","total","72","10.2543981481481","1.18481901201378"
"Russian Federation","RUS","643","RLMS-HSE","CATI interview","non-households","unknwon","UNC Dataverse Download","2017","male","80","84","27","30","58.695652173913","7.25975450727341","30","41.304347826087","7.25975450727341","45.8823529411765","5.40483986017213","7","15.2173913043478","5.29595853360626","25.9259259259259","8.43370433412312","30","1","60","total","27","7.35111111111111","1.71444633700848"
"Russian Federation","RUS","643","RLMS-HSE","CATI interview","non-households","unknwon","UNC Dataverse Download","2017","male","85","89","8","30","47.0588235294118","12.1057824806477","30","52.9411764705882","12.1057824806477","63.265306122449","6.8868873533631","1","5.88235294117647","5.70672058909019","12.5","11.6926793336686","30","1","60","total","8","3.68583333333333","2.48648455783445"
"Russian Federation","RUS","643","RLMS-HSE","CATI interview","non-households","unknwon","UNC Dataverse Download","2017","male","90","94","3","30","75","21.650635094611","30","25","21.650635094611","63.6363636363636","14.5040733675903","0","0","0","0","0","30","1","60","total","3","1.06777777777778","0.581315026894908"
"Russian Federation","RUS","643","RLMS-HSE","CATI interview","non-households","unknwon","UNC Dataverse Download","2017","total","15","19","95","30","43.1818181818182","3.33951030480261","30","56.8181818181818","3.33951030480261","77.2036474164134","1.33534355829741","22","10","2.02259958738973","23.1578947368421","4.32800110059519","30","1","60","total","104","6.19051282051282","0.691814712478126"
"Russian Federation","RUS","643","RLMS-HSE","CATI interview","non-households","unknwon","UNC Dataverse Download","2017","total","20","24","359","30","65.5109489051095","2.03052008011139","30","34.1240875912409","2.02536623938247","43.5005117707267","1.58606929752073","107","19.5255474452555","1.69332509968624","29.8050139275766","2.41407348706126","30","1","60","total","372","8.52397401433692","0.529566742009945"
"Russian Federation","RUS","643","RLMS-HSE","CATI interview","non-households","unknwon","UNC Dataverse Download","2017","total","25","29","557","30","66.8667466986795","1.63085232276947","30","33.1332533013205","1.63085232276947","34.6034214618974","1.32652839438882","215","25.8103241296519","1.51616324910749","38.5996409335727","2.06276374763508","30","1","60","total","597","9.86722501395868","0.436898508895455"
"Russian Federation","RUS","643","RLMS-HSE","CATI interview","non-households","unknwon","UNC Dataverse Download","2017","total","30","34","844","30","71.2236286919831","1.31513666971833","30","28.6919831223629","1.31398463687476","28.2621767889357","1.10415686497351","406","34.2616033755274","1.37865061884909","48.1042654028436","1.71983349186366","30","1","60","total","870","12.4556413793103","0.446500803909443"
"Russian Federation","RUS","643","RLMS-HSE","CATI interview","non-households","unknwon","UNC Dataverse Download","2017","total","35","39","755","30","70.4948646125117","1.39358290706894","30","29.3183940242764","1.3910045722913","27.5050437121722","1.15798939381416","368","34.3604108309991","1.45116690565619","48.7417218543046","1.81911001313231","30","1","60","total","775","11.9486678709677","0.457421996148319"
"Russian Federation","RUS","643","RLMS-HSE","CATI interview","non-households","unknwon","UNC Dataverse Download","2017","total","40","44","700","30","69.3756194251734","1.45108051463428","30","30.6243805748266","1.45108051463428","28.4203102961918","1.19776384041679","317","31.4172447968285","1.4613220215283","45.2857142857143","1.88140354530641","30","1","60","total","714","12.1570479925303","0.527085624093913"
"Russian Federation","RUS","643","RLMS-HSE","CATI interview","non-households","unknwon","UNC Dataverse Download","2017","total","45","49","599","30","69.3287037037037","1.56879333094002","30","30.5555555555556","1.56713703793132","26.0832625318607","1.2798648734166","291","33.6805555555556","1.60787836578174","48.5809682804674","2.04212169487016","30","1","60","total","617","11.9495742841707","0.511728942081115"
"Russian Federation","RUS","643","RLMS-HSE","CATI interview","non-households","unknwon","UNC Dataverse Download","2017","total","50","54","520","30","70.4607046070461","1.67936607562687","30","29.2682926829268","1.67485642782302","30.3939962476548","1.4087653160237","252","34.1463414634146","1.74555630590377","48.4615384615385","2.19160686400091","30","1","60","total","529","12.4482860743541","0.603951634485393"
"Russian Federation","RUS","643","RLMS-HSE","CATI interview","non-households","unknwon","UNC Dataverse Download","2017","total","55","59","487","30","63.5770234986945","1.73869509040075","30","36.4229765013055","1.73869509040075","38.08","1.37343761416382","208","27.154046997389","1.60696202006949","42.7104722792608","2.24150817591349","30","1","60","total","498","10.2736238286479","0.48039780014246"
"Russian Federation","RUS","643","RLMS-HSE","CATI interview","non-households","unknwon","UNC Dataverse Download","2017","total","60","64","434","30","63.0813953488372","1.83983580209582","30","36.7732558139535","1.83832473906939","40.0862068965517","1.43890424854028","192","27.906976744186","1.71004994632368","44.2396313364055","2.38409580231313","30","1","60","total","449","10.5040489977728","0.552578960033456"
"Russian Federation","RUS","643","RLMS-HSE","CATI interview","non-households","unknwon","UNC Dataverse Download","2017","total","65","69","292","30","55.4079696394687","2.16525691398612","30","44.4022770398482","2.1643416454827","45.630081300813","1.5878424701214","123","23.3396584440228","1.84258408396658","42.1232876712329","2.88949289460606","30","1","60","total","298","9.81596196868009","0.659832192641118"
"Russian Federation","RUS","643","RLMS-HSE","CATI interview","non-households","unknwon","UNC Dataverse Download","2017","total","70","74","158","30","60.0760456273764","3.01987919615549","30","39.9239543726236","3.01987919615549","50.9293680297398","2.15528065736629","52","19.7718631178707","2.45589206968236","32.9113924050633","3.73825544032618","30","1","60","total","162","7.99962962962963","0.758623714659804"
"Russian Federation","RUS","643","RLMS-HSE","CATI interview","non-households","unknwon","UNC Dataverse Download","2017","total","75","79","126","30","50.199203187251","3.15594696839025","30","49.800796812749","3.15594696839025","62.1823617339312","1.8748552759627","38","15.1394422310757","2.26240846883108","30.1587301587302","4.08862534733137","30","1","60","total","129","7.19643410852713","0.778097394634358"
"Russian Federation","RUS","643","RLMS-HSE","CATI interview","non-households","unknwon","UNC Dataverse Download","2017","total","80","84","59","30","52.6785714285714","4.71777154482128","30","47.3214285714286","4.71777154482128","67.3469387755102","2.53205900101136","9","8.03571428571429","2.56869673126866","15.2542372881356","4.68088788761859","30","1","60","total","60","4.95788888888889","1.01388696272035"
"Russian Federation","RUS","643","RLMS-HSE","CATI interview","non-households","unknwon","UNC Dataverse Download","2017","total","85","89","20","30","46.5116279069767","7.60634872547287","30","53.4883720930233","7.60634872547287","78.1094527363184","2.91663496801369","2","4.65116279069767","3.21147276134203","10","6.70820393249937","30","1","60","total","20","3.6258","1.36178939823535"
"Russian Federation","RUS","643","RLMS-HSE","CATI interview","non-households","unknwon","UNC Dataverse Download","2017","total","90","94","4","30","66.6666666666667","19.2450089729875","30","33.3333333333333","19.2450089729875","90","3.87298334620742","0","0","0","0","0","30","1","60","total","4","0.800833333333333","0.490125409121652"
"Russian Federation","RUS","643","RLMS-HSE","CATI interview","non-households","unknwon","UNC Dataverse Download","2017","total","100","104","0","30","0","0","30","100","0","0","0","0","0","0",NA,NA,NA,NA,NA,NA,NA,NA,NA
"Russian Federation","RUS","643","RLMS-HSE","CATI interview","non-households","unknwon","UNC Dataverse Download","2017","total","100","188","0","30","0","0","30","100","0","0","0","0","0","0",NA,NA,NA,NA,NA,NA,NA,NA,NA
"Russian Federation","RUS","643","RLMS-HSE","CATI interview","non-households","unknwon","UNC Dataverse Download","2018","female","15","19","57","30","51.8181818181818","4.76415996113026","30","48.1818181818182","4.76415996113026","77.8443113772455","1.85539851260392","9","8.18181818181818","2.61332193581184","15.7894736842105","4.82980492359077","30","1","40","total","57","3.44416374269006","0.607529254539509"
"Russian Federation","RUS","643","RLMS-HSE","CATI interview","non-households","unknwon","UNC Dataverse Download","2018","female","20","24","137","30","57.8059071729958","3.20802515142566","30","41.7721518987342","3.20357297603054","47.5877192982456","2.33873789897942","54","22.7848101265823","2.72458214204496","39.4160583941606","4.17498649858753","30","1","40","total","138","6.13688405797101","0.573644577159499"
"Russian Federation","RUS","643","RLMS-HSE","CATI interview","non-households","unknwon","UNC Dataverse Download","2018","female","25","29","225","30","62.6740947075209","2.55271297232303","30","37.3259052924791","2.55271297232303","38.3193277310924","1.99308126611918","70","19.4986072423398","2.09101076426585","31.1111111111111","3.08632098607402","30","1","40","total","226","5.49570796460177","0.477376688406731"
"Russian Federation","RUS","643","RLMS-HSE","CATI interview","non-households","unknwon","UNC Dataverse Download","2018","female","30","34","355","30","63.8489208633094","2.03751126179604","30","36.1510791366906","2.03751126179604","31.25","1.62261797510605","162","29.136690647482","1.92705198623802","45.6338028169014","2.64358715009818","30","1","40","total","364","7.46001465201465","0.445154191514917"
"Russian Federation","RUS","643","RLMS-HSE","CATI interview","non-households","unknwon","UNC Dataverse Download","2018","female","35","39","330","30","64.9606299212598","2.11675894002027","30","35.0393700787402","2.11675894002027","33.8028169014084","1.69266371371332","139","27.3622047244095","1.97799420447929","42.1212121212121","2.71802329106855","30","1","40","total","332","7.26102208835341","0.465416693220821"
"Russian Federation","RUS","643","RLMS-HSE","CATI interview","non-households","unknwon","UNC Dataverse Download","2018","female","40","44","348","30","64.9253731343284","2.06120582951916","30","35.0746268656716","2.06120582951916","26.265389876881","1.62767964153365","128","23.8805970149254","1.84156851730367","36.7816091954023","2.58492209832646","30","1","40","total","354","6.89816949152542","0.48763587866634"
"Russian Federation","RUS","643","RLMS-HSE","CATI interview","non-households","unknwon","UNC Dataverse Download","2018","female","45","49","302","30","65.7952069716776","2.21428883064921","30","34.2047930283224","2.21428883064921","29.0076335877863","1.77313305856674","114","24.8366013071895","2.01670764622474","37.7483443708609","2.78946512375384","30","1","40","total","306","6.58386710239651","0.483890686963575"
"Russian Federation","RUS","643","RLMS-HSE","CATI interview","non-households","unknwon","UNC Dataverse Download","2018","female","50","54","259","30","65.2392947103275","2.39003172134751","30","34.7607052896725","2.39003172134751","32.6599326599327","1.92420435463261","105","26.448362720403","2.21360595831005","40.5405405405405","3.05074117631191","30","1","40","total","261","7.57514687100894","0.643062317694354"
"Russian Federation","RUS","643","RLMS-HSE","CATI interview","non-households","unknwon","UNC Dataverse Download","2018","female","55","59","240","30","57.9710144927536","2.42593820087896","30","42.0289855072464","2.42593820087896","40.5940594059406","1.84687062115585","91","21.9806763285024","2.03526725624134","37.9166666666667","3.13182125897187","30","1","40","total","240","7.17291666666667","0.55051828950337"
"Russian Federation","RUS","643","RLMS-HSE","CATI interview","non-households","unknwon","UNC Dataverse Download","2018","female","60","64","222","30","55.2238805970149","2.48012551415057","30","44.7761194029851","2.48012551415057","45.4668470906631","1.83170488723251","69","17.1641791044776","1.88064828594181","31.0810810810811","3.10628142084594","30","1","40","total","226","5.86267551622419","0.499395599642502"
"Russian Federation","RUS","643","RLMS-HSE","CATI interview","non-households","unknwon","UNC Dataverse Download","2018","female","65","69","167","30","50.7598784194529","2.75627087440497","30","49.2401215805471","2.75627087440497","50","1.94330518584118","48","14.5896656534954","1.94616622701858","28.7425149700599","3.50202621435066","30","1","40","total","166","5.92170682730924","0.67750920253144"
"Russian Federation","RUS","643","RLMS-HSE","CATI interview","non-households","unknwon","UNC Dataverse Download","2018","female","70","74","89","30","50.8571428571429","3.77908931291461","30","49.1428571428571","3.77908931291461","54.6153846153846","2.5210387688371","26","14.8571428571429","2.68857858551608","29.2134831460674","4.820276365196","30","1","40","total","90","5.42381481481481","0.709706873822006"
"Russian Federation","RUS","643","RLMS-HSE","CATI interview","non-households","unknwon","UNC Dataverse Download","2018","female","75","79","48","30","37.5","4.27908248050911","30","62.5","4.27908248050911","67.3417721518987","2.35960892416875","7","5.46875","2.00967926047429","14.5833333333333","5.09423637191709","30","1","40","total","48","3.67916666666667","0.605947136010301"
"Russian Federation","RUS","643","RLMS-HSE","CATI interview","non-households","unknwon","UNC Dataverse Download","2018","female","80","84","45","30","51.7241379310345","5.35737470918849","30","48.2758620689655","5.35737470918849","72.1153846153846","2.5387444929264","5","5.74712643678161","2.49524416928336","11.1111111111111","4.68485579284204","30","1","40","total","45","3.1397037037037","0.673543078494874"
"Russian Federation","RUS","643","RLMS-HSE","CATI interview","non-households","unknwon","UNC Dataverse Download","2018","female","85","89","10","30","34.4827586206897","8.82632273954608","30","65.5172413793103","8.82632273954608","81.5286624203822","3.09709484375604","1","3.44827586206897","3.38830127200357","10","9.48683298050514","30","1","40","total","11","2.65030303030303","1.09524790372556"
"Russian Federation","RUS","643","RLMS-HSE","CATI interview","non-households","unknwon","UNC Dataverse Download","2018","female","90","94","3","30","50","20.4124145231931","30","50","20.4124145231931","87.7551020408163","4.68290915574607","0","0","0","0","0","30","1","40","total","3","0","0"
"Russian Federation","RUS","643","RLMS-HSE","CATI interview","non-households","unknwon","UNC Dataverse Download","2018","male","15","19","55","30","47.008547008547","4.61422105824573","30","52.991452991453","4.61422105824573","74.8440748440749","1.97845565738457","20","17.0940170940171","3.48034320071976","36.3636363636364","6.48641880011523","30","1","60","total","60","9.293","1.29790983086833"
"Russian Federation","RUS","643","RLMS-HSE","CATI interview","non-households","unknwon","UNC Dataverse Download","2018","male","20","24","150","30","60.7287449392713","3.10732061834868","30","39.2712550607287","3.10732061834868","41.2735849056604","2.39094680050251","69","27.9352226720648","2.85488827285418","46","4.06939798987516","30","1","60","total","159","11.9150104821803","0.967729891424247"
"Russian Federation","RUS","643","RLMS-HSE","CATI interview","non-households","unknwon","UNC Dataverse Download","2018","male","25","29","274","30","70.6185567010309","2.31249135945244","30","29.3814432989691","2.31249135945244","25.7575757575758","1.90309997649883","171","44.0721649484536","2.52046304226564","62.4087591240876","2.92611117891789","30","1","60","total","287","14.1375795586527","0.683962870511334"
"Russian Federation","RUS","643","RLMS-HSE","CATI interview","non-households","unknwon","UNC Dataverse Download","2018","male","30","34","461","30","78.135593220339","1.70163848962968","30","21.6949152542373","1.69686759145816","21.6819973718791","1.4937850781145","289","48.9830508474576","2.05804161247529","62.6898047722343","2.25248421781427","30","1","60","total","469","15.9859175550817","0.671242169236274"
"Russian Federation","RUS","643","RLMS-HSE","CATI interview","non-households","unknwon","UNC Dataverse Download","2018","male","35","39","401","30","80.6841046277666","1.77081511269944","30","19.3158953722334","1.77081511269944","20.8791208791209","1.61039324508341","259","52.112676056338","2.24080351708377","64.5885286783042","2.38823740084581","30","1","60","total","409","16.840586797066","0.687657721237769"
"Russian Federation","RUS","643","RLMS-HSE","CATI interview","non-households","unknwon","UNC Dataverse Download","2018","male","40","44","362","30","74.9482401656315","1.9716338888843","30","24.8447204968944","1.96617984278214","23.9130434782609","1.68085248050839","249","51.5527950310559","2.27398138986957","68.7845303867403","2.43543217610165","30","1","60","total","371","18.7804761904762","0.909957828780064"
"Russian Federation","RUS","643","RLMS-HSE","CATI interview","non-households","unknwon","UNC Dataverse Download","2018","male","45","49","311","30","78.9340101522843","2.05435223065143","30","21.0659898477157","2.05435223065143","24.3856332703214","1.86698720992859","208","52.7918781725888","2.51503368914546","66.8810289389068","2.66876108518299","30","1","60","total","314","16.2623545647558","0.79188893633835"
"Russian Federation","RUS","643","RLMS-HSE","CATI interview","non-households","unknwon","UNC Dataverse Download","2018","male","50","54","246","30","78.594249201278","2.3184004294958","30","21.405750798722","2.3184004294958","26.046511627907","2.11650787131089","168","53.6741214057508","2.81852658576837","68.2926829268293","2.96687522195942","30","1","60","total","252","16.6211507936508","0.91130199484123"
"Russian Federation","RUS","643","RLMS-HSE","CATI interview","non-households","unknwon","UNC Dataverse Download","2018","male","55","59","250","30","76.9230769230769","2.33709084711615","30","22.7692307692308","2.32609623922908","31.4699792960663","2.11307588973028","173","53.2307692307692","2.76770503662818","69.2","2.91983561181105","30","1","60","total","252","16.751455026455","0.887025391831721"
"Russian Federation","RUS","643","RLMS-HSE","CATI interview","non-households","unknwon","UNC Dataverse Download","2018","male","60","64","232","30","74.5980707395498","2.46840805272662","30","25.4019292604502","2.46840805272662","33.2631578947368","2.16181118818335","154","49.5176848874598","2.8351079713881","66.3793103448276","3.10152784417993","30","1","60","total","233","18.0949785407725","1.07526697239691"
"Russian Federation","RUS","643","RLMS-HSE","CATI interview","non-households","unknwon","UNC Dataverse Download","2018","male","65","69","148","30","72.1951219512195","3.12923006315431","30","27.8048780487805","3.12923006315431","36.3914373088685","2.66062409125931","92","44.8780487804878","3.47378026721641","62.1621621621622","3.98653291377058","30","1","60","total","150","13.2296444444444","0.99541517207599"
"Russian Federation","RUS","643","RLMS-HSE","CATI interview","non-households","unknwon","UNC Dataverse Download","2018","male","70","74","78","30","70.2702702702703","4.33830222030306","30","29.7297297297297","4.33830222030306","40.7407407407407","3.57405858990492","46","41.4414414414414","4.6757483145373","58.974358974359","5.5694460445884","30","1","60","total","78","13.3366666666667","1.34142545518648"
"Russian Federation","RUS","643","RLMS-HSE","CATI interview","non-households","unknwon","UNC Dataverse Download","2018","male","75","79","49","30","65.3333333333333","5.49531787238177","30","34.6666666666667","5.49531787238177","48.9795918367347","4.12307161041719","27","36","5.54256258422041","55.1020408163265","7.10557294866119","30","1","60","total","50","10.6832666666667","1.22991257359408"
"Russian Federation","RUS","643","RLMS-HSE","CATI interview","non-households","unknwon","UNC Dataverse Download","2018","male","80","84","20","30","52.6315789473684","8.09982909540911","30","47.3684210526316","8.09982909540911","59.5744680851064","5.06167237615017","6","15.7894736842105","5.91527880998965","30","10.2469507659596","30","1","60","total","21","8.72793650793651","3.55395371513505"
"Russian Federation","RUS","643","RLMS-HSE","CATI interview","non-households","unknwon","UNC Dataverse Download","2018","male","85","89","9","30","64.2857142857143","12.8060208142971","30","35.7142857142857","12.8060208142971","69.5652173913043","6.78425650091734","2","14.2857142857143","9.35219529582824","22.2222222222222","13.857990321385","30","1","60","total","9","5.47481481481482","2.15238133346857"
"Russian Federation","RUS","643","RLMS-HSE","CATI interview","non-households","unknwon","UNC Dataverse Download","2018","male","90","94","2","30","66.6666666666667","27.2165526975909","30","33.3333333333333","27.2165526975909","62.5","17.1163299220364","0","0","0","0","0","30","1","60","total","2","4","4"
"Russian Federation","RUS","643","RLMS-HSE","CATI interview","non-households","unknwon","UNC Dataverse Download","2018","total","15","19","112","30","49.3392070484581","3.31832673233572","30","50.6607929515419","3.31832673233572","76.3747454175153","1.35552456540438","23","10.1321585903084","2.00281214337175","20.5357142857143","3.81708549455478","30","1","60","total","117","6.44356695156695","0.774514412894469"
"Russian Federation","RUS","643","RLMS-HSE","CATI interview","non-households","unknwon","UNC Dataverse Download","2018","total","20","24","287","30","59.297520661157","2.23308893167452","30","40.495867768595","2.23129112019797","44.5454545454545","1.67544021823177","97","20.0413223140496","1.8195890186853","33.7979094076655","2.79215692257277","30","1","60","total","297","9.23022446689113","0.605345153576573"
"Russian Federation","RUS","643","RLMS-HSE","CATI interview","non-households","unknwon","UNC Dataverse Download","2018","total","25","29","499","30","66.8005354752343","1.72303940839205","30","33.1994645247657","1.72303940839205","32.413178984862","1.39669618012433","211","28.2463186077644","1.64718629342722","42.2845691382766","2.21149852015443","30","1","60","total","513","10.3304392462638","0.475669974775271"
"Russian Federation","RUS","643","RLMS-HSE","CATI interview","non-households","unknwon","UNC Dataverse Download","2018","total","30","34","816","30","71.2041884816754","1.33759649741884","30","28.7085514834206","1.3363864107364","26.6328471781864","1.11312461009163","375","32.7225130890052","1.38600850878438","45.9558823529412","1.74461535469967","30","1","60","total","833","12.2603129251701","0.449410855748406"
"Russian Federation","RUS","643","RLMS-HSE","CATI interview","non-households","unknwon","UNC Dataverse Download","2018","total","35","39","731","30","72.7363184079602","1.40470418806665","30","27.2636815920398","1.40470418806665","27.9971791255289","1.19232260615787","348","34.6268656716418","1.50080135838677","47.6060191518468","1.84719584709792","30","1","60","total","741","12.5485281151597","0.466888365555221"
"Russian Federation","RUS","643","RLMS-HSE","CATI interview","non-households","unknwon","UNC Dataverse Download","2018","total","40","44","710","30","69.6761530912659","1.43994909118693","30","30.2257114818449","1.43862923853486","25.1636363636364","1.17028513738314","338","33.1697742885182","1.4749273538773","47.6056338028169","1.87431377508789","30","1","60","total","725","12.9786326436782","0.567342966197595"
"Russian Federation","RUS","643","RLMS-HSE","CATI interview","non-households","unknwon","UNC Dataverse Download","2018","total","45","49","613","30","71.8640093786635","1.53961563004037","30","28.1359906213365","1.53961563004037","26.9425675675676","1.28936489499774","291","34.1148886283705","1.62327128237013","47.4714518760196","2.01689699337061","30","1","60","total","620","11.485552688172","0.505330451922773"
"Russian Federation","RUS","643","RLMS-HSE","CATI interview","non-households","unknwon","UNC Dataverse Download","2018","total","50","54","505","30","71.1267605633803","1.70072891916246","30","28.8732394366197","1.70072891916246","29.8828125","1.43045104852846","241","33.943661971831","1.77708180204576","47.7227722772277","2.22266196389372","30","1","60","total","513","12.0187979207277","0.588876102971478"
"Russian Federation","RUS","643","RLMS-HSE","CATI interview","non-households","unknwon","UNC Dataverse Download","2018","total","55","59","490","30","66.3058186738836","1.7387256300159","30","33.5588633288227","1.73700044169583","36.890756302521","1.39872322623053","243","32.8822733423545","1.72813361277174","49.5918367346939","2.25869449504275","30","1","60","total","492","12.0789972899729","0.569793987973256"
"Russian Federation","RUS","643","RLMS-HSE","CATI interview","non-households","unknwon","UNC Dataverse Download","2018","total","60","64","454","30","63.6746143057504","1.8011235871371","30","36.3253856942497","1.8011235871371","40.6919275123558","1.40994344429695","198","27.7699859747546","1.67726588964558","43.6123348017621","2.32738804143357","30","1","60","total","459","12.0721016702977","0.662785326805112"
"Russian Federation","RUS","643","RLMS-HSE","CATI interview","non-households","unknwon","UNC Dataverse Download","2018","total","65","69","315","30","58.9887640449438","2.12845978361291","30","41.0112359550562","2.12845978361291","45.5005055611729","1.58345673682814","121","22.6591760299625","1.81157294237411","38.4126984126984","2.74048683076619","30","1","60","total","316","9.39066455696203","0.625349446697333"
"Russian Federation","RUS","643","RLMS-HSE","CATI interview","non-households","unknwon","UNC Dataverse Download","2018","total","70","74","167","30","58.3916083916084","2.91462487156832","30","41.6083916083916","2.91462487156832","50.0863557858377","2.07792598814899","63","22.027972027972","2.45060692577525","37.7245508982036","3.75069921573051","30","1","60","total","168","9.09763888888889","0.788835699551114"
"Russian Federation","RUS","643","RLMS-HSE","CATI interview","non-households","unknwon","UNC Dataverse Download","2018","total","75","79","97","30","47.7832512315271","3.50586140086235","30","52.2167487684729","3.50586140086235","62.3616236162362","2.08101161426143","29","14.2857142857143","2.45600680740537","29.8969072164948","4.64831824209261","30","1","60","total","98","7.25268707482993","0.77678173892401"
"Russian Federation","RUS","643","RLMS-HSE","CATI interview","non-households","unknwon","UNC Dataverse Download","2018","total","80","84","65","30","52","4.46855681400606","30","48","4.46855681400606","69.2118226600985","2.29096849079276","10","8","2.4265201420965","15.3846153846154","4.47518826063646","30","1","60","total","66","4.91777777777778","1.24505801904013"
"Russian Federation","RUS","643","RLMS-HSE","CATI interview","non-households","unknwon","UNC Dataverse Download","2018","total","85","89","19","30","44.1860465116279","7.57320543611219","30","55.8139534883721","7.57320543611219","78.8177339901478","2.86780859650236","3","6.97674418604651","3.88497241667236","15.7894736842105","8.36546751830554","30","1","60","total","20","3.92133333333333","1.15280046507655"
"Russian Federation","RUS","643","RLMS-HSE","CATI interview","non-households","unknwon","UNC Dataverse Download","2018","total","90","94","5","30","55.5555555555556","16.5634664999984","30","44.4444444444444","16.5634664999984","84.2105263157895","4.82980492359077","0","0","0","0","0","30","1","60","total","5","1.6","1.6"
"Russian Federation","RUS","643","RLMS-HSE","CATI interview","non-households","unknwon","UNC Dataverse Download","2019","female","15","19","56","30","49.5575221238938","4.70342015770482","30","49.5575221238938","4.70342015770482","77.1084337349398","1.88266922600198","10","8.84955752212389","2.67178155384385","17.8571428571429","5.11795985911706","30","1","40","total",NA,NA,NA
"Russian Federation","RUS","643","RLMS-HSE","CATI interview","non-households","unknwon","UNC Dataverse Download","2019","female","20","24","133","30","59.9099099099099","3.28920818367798","30","40.0900900900901","3.28920818367798","48.3870967741936","2.39882773943146","45","20.2702702702703","2.69813346409654","33.8345864661654","4.10270349642157","30","1","40","total",NA,NA,NA
"Russian Federation","RUS","643","RLMS-HSE","CATI interview","non-households","unknwon","UNC Dataverse Download","2019","female","25","29","184","30","59.546925566343","2.7920693351469","30","40.453074433657","2.7920693351469","40.5353728489484","2.14681979787186","62","20.0647249190939","2.27827740086869","33.695652173913","3.48456865427226","30","1","40","total",NA,NA,NA
"Russian Federation","RUS","643","RLMS-HSE","CATI interview","non-households","unknwon","UNC Dataverse Download","2019","female","30","34","337","30","63.3458646616541","2.08912683510226","30","36.4661654135338","2.0868525610661","30.1441677588467","1.66127188638298","131","24.6240601503759","1.86784307109795","38.8724035608309","2.65536610131426","30","1","40","total",NA,NA,NA
"Russian Federation","RUS","643","RLMS-HSE","CATI interview","non-households","unknwon","UNC Dataverse Download","2019","female","35","39","337","30","65.3100775193798","2.09539987412006","30","34.6899224806202","2.09539987412006","33.1202046035806","1.68302511533332","138","26.7441860465116","1.948547022466","40.9495548961424","2.67868243633399","30","1","40","total",NA,NA,NA
"Russian Federation","RUS","643","RLMS-HSE","CATI interview","non-households","unknwon","UNC Dataverse Download","2019","female","40","44","340","30","64.3939393939394","2.08385501440657","30","35.6060606060606","2.08385501440657","27.1604938271605","1.64736017692289","146","27.6515151515151","1.94651262799432","42.9411764705882","2.68447223993876","30","1","40","total",NA,NA,NA
"Russian Federation","RUS","643","RLMS-HSE","CATI interview","non-households","unknwon","UNC Dataverse Download","2019","female","45","49","313","30","64.8033126293996","2.17308109359263","30","35.1966873706004","2.17308109359263","28.5923753665689","1.73023552358867","124","25.6728778467909","1.98763836464753","39.6166134185303","2.76455502436592","30","1","40","total",NA,NA,NA
"Russian Federation","RUS","643","RLMS-HSE","CATI interview","non-households","unknwon","UNC Dataverse Download","2019","female","50","54","252","30","63","2.41402154091466","30","37","2.41402154091466","31.6865417376491","1.92031072091485","99","24.75","2.15779835712237","39.2857142857143","3.0765395433887","30","1","40","total",NA,NA,NA
"Russian Federation","RUS","643","RLMS-HSE","CATI interview","non-households","unknwon","UNC Dataverse Download","2019","female","55","59","252","30","60","2.39045721866879","30","40","2.39045721866879","39.6870554765292","1.84523652442969","84","20","1.95180014589707","33.3333333333333","2.96956935458249","30","1","40","total",NA,NA,NA
"Russian Federation","RUS","643","RLMS-HSE","CATI interview","non-households","unknwon","UNC Dataverse Download","2019","female","60","64","237","30","56.1611374407583","2.41541278518483","30","43.8388625592417","2.41541278518483","43.3911882510013","1.81093091273964","66","15.6398104265403","1.76818739522565","27.8481012658228","2.91170588309768","30","1","40","total",NA,NA,NA
"Russian Federation","RUS","643","RLMS-HSE","CATI interview","non-households","unknwon","UNC Dataverse Download","2019","female","65","69","172","30","50.2923976608187","2.70364412063004","30","49.7076023391813","2.70364412063004","48.0538922155689","1.93309216182903","43","12.5730994152047","1.79279512615743","25","3.30169089872109","30","1","40","total",NA,NA,NA
"Russian Federation","RUS","643","RLMS-HSE","CATI interview","non-households","unknwon","UNC Dataverse Download","2019","female","70","74","118","30","50.6437768240343","3.27533738484342","30","49.3562231759657","3.27533738484342","52.4193548387097","2.2424365358393","22","9.44206008583691","1.91566112694835","18.6440677966102","3.58528716157948","30","1","40","total",NA,NA,NA
"Russian Federation","RUS","643","RLMS-HSE","CATI interview","non-households","unknwon","UNC Dataverse Download","2019","female","75","79","32","30","32.9896907216495","4.7739082286763","30","67.0103092783505","4.7739082286763","68.370607028754","2.62849997760181","5","5.15463917525773","2.24502568694388","15.625","6.41862372076366","30","1","40","total",NA,NA,NA
"Russian Federation","RUS","643","RLMS-HSE","CATI interview","non-households","unknwon","UNC Dataverse Download","2019","female","80","84","44","30","43.1372549019608","4.90388274509501","30","56.8627450980392","4.90388274509501","72.3577235772358","2.32817792629506","4","3.92156862745098","1.92195305650903","9.09090909090909","4.33392086020724","30","1","40","total",NA,NA,NA
"Russian Federation","RUS","643","RLMS-HSE","CATI interview","non-households","unknwon","UNC Dataverse Download","2019","female","85","89","12","30","37.5","8.55816496101822","30","62.5","8.55816496101822","77.4647887323944","3.50621719425284","1","3.125","3.07578432578586","8.33333333333333","7.97855923130282","30","1","40","total",NA,NA,NA
"Russian Federation","RUS","643","RLMS-HSE","CATI interview","non-households","unknwon","UNC Dataverse Download","2019","female","90","94","3","30","37.5","17.1163299220364","30","62.5","17.1163299220364","83.3333333333333","5.37914353639919","0","0","0","0","0","30","1","40","total",NA,NA,NA
"Russian Federation","RUS","643","RLMS-HSE","CATI interview","non-households","unknwon","UNC Dataverse Download","2019","male","15","19","55","30","55.5555555555556","4.99407305528328","30","44.4444444444444","4.99407305528328","78.2157676348548","1.88015981971422","23","23.2323232323232","4.24441579716265","41.8181818181818","6.65112136989582","30","1","60","total",NA,NA,NA
"Russian Federation","RUS","643","RLMS-HSE","CATI interview","non-households","unknwon","UNC Dataverse Download","2019","male","20","24","125","30","60.6796116504854","3.40327219396105","30","39.3203883495146","3.40327219396104","46.1340206185567","2.53076645994837","64","31.0679611650485","3.22428430046916","51.2","4.47084779432268","30","1","60","total",NA,NA,NA
"Russian Federation","RUS","643","RLMS-HSE","CATI interview","non-households","unknwon","UNC Dataverse Download","2019","male","25","29","233","30","71.9135802469136","2.49678497022416","30","27.7777777777778","2.48835115688227","29.9785867237687","2.12013040002495","133","41.0493827160494","2.73290785432574","57.0815450643777","3.24258925277884","30","1","60","total",NA,NA,NA
"Russian Federation","RUS","643","RLMS-HSE","CATI interview","non-households","unknwon","UNC Dataverse Download","2019","male","30","34","435","30","77.6785714285714","1.75961475271957","30","22.3214285714286","1.75961475271957","21.3986013986014","1.53375082906443","276","49.2857142857143","2.11267002524495","63.448275862069","2.30897493121086","30","1","60","total",NA,NA,NA
"Russian Federation","RUS","643","RLMS-HSE","CATI interview","non-households","unknwon","UNC Dataverse Download","2019","male","35","39","393","30","74.1509433962264","1.90170327480903","30","25.6603773584906","1.89715913221855","19.6992481203008","1.54231757821388","252","47.5471698113208","2.169246292925","64.1221374045801","2.41947423216645","30","1","60","total",NA,NA,NA
"Russian Federation","RUS","643","RLMS-HSE","CATI interview","non-households","unknwon","UNC Dataverse Download","2019","male","40","44","370","30","77.7310924369748","1.90696782517263","30","22.0588235294118","1.90051444685062","24.7261345852895","1.70667094290429","264","55.4621848739496","2.27803013477958","71.3513513513514","2.35045699723861","30","1","60","total",NA,NA,NA
"Russian Federation","RUS","643","RLMS-HSE","CATI interview","non-households","unknwon","UNC Dataverse Download","2019","male","45","49","313","30","75.9708737864078","2.10496045829757","30","23.7864077669903","2.09764522521741","24.8188405797101","1.8385511438151","211","51.2135922330097","2.46259748902286","67.4121405750799","2.64926137189088","30","1","60","total",NA,NA,NA
"Russian Federation","RUS","643","RLMS-HSE","CATI interview","non-households","unknwon","UNC Dataverse Download","2019","male","50","54","227","30","76.6891891891892","2.45753610708928","30","23.3108108108108","2.45753610708928","26.2899262899263","2.18203093000893","164","55.4054054054054","2.88915820083815","72.2466960352423","2.97203153314179","30","1","60","total",NA,NA,NA
"Russian Federation","RUS","643","RLMS-HSE","CATI interview","non-households","unknwon","UNC Dataverse Download","2019","male","55","59","239","30","71.7717717717718","2.46658750415819","30","28.2282282282282","2.46658750415819","31.0699588477366","2.09921283599589","168","50.4504504504504","2.73987192791131","70.2928870292887","2.95588112160995","30","1","60","total",NA,NA,NA
"Russian Federation","RUS","643","RLMS-HSE","CATI interview","non-households","unknwon","UNC Dataverse Download","2019","male","60","64","232","30","72.5","2.49609069346448","30","27.5","2.49609069346448","34.0816326530612","2.14124014276674","159","49.6875","2.79503037983825","68.5344827586207","3.04879353531738","30","1","60","total",NA,NA,NA
"Russian Federation","RUS","643","RLMS-HSE","CATI interview","non-households","unknwon","UNC Dataverse Download","2019","male","65","69","143","30","65.296803652968","3.21668580541959","30","34.703196347032","3.21668580541959","32.9268292682927","2.59485116423474","93","42.4657534246575","3.34010849941476","65.034965034965","3.98769946682845","30","1","60","total",NA,NA,NA
"Russian Federation","RUS","643","RLMS-HSE","CATI interview","non-households","unknwon","UNC Dataverse Download","2019","male","70","74","94","30","68.6131386861314","3.96476365791768","30","31.3868613138686","3.96476365791768","41.9491525423729","3.21225398399419","50","36.4963503649635","4.11304799915041","53.1914893617021","5.14658986007337","30","1","60","total",NA,NA,NA
"Russian Federation","RUS","643","RLMS-HSE","CATI interview","non-households","unknwon","UNC Dataverse Download","2019","male","75","79","39","30","63.9344262295082","6.14821280929936","30","36.0655737704918","6.14821280929936","46.4912280701754","4.6713840688613","21","34.4262295081967","6.08337922791547","53.8461538461538","7.98268494865801","30","1","60","total",NA,NA,NA
"Russian Federation","RUS","643","RLMS-HSE","CATI interview","non-households","unknwon","UNC Dataverse Download","2019","male","80","84","29","30","47.5409836065574","6.39409722460115","30","52.4590163934426","6.39409722460115","50","4.52678730212593","11","18.0327868852459","4.92250983176947","37.9310344827586","9.01022421425571","30","1","60","total",NA,NA,NA
"Russian Federation","RUS","643","RLMS-HSE","CATI interview","non-households","unknwon","UNC Dataverse Download","2019","male","85","89","9","30","60","12.6491106406735","30","40","12.6491106406735","55.8823529411765","8.51538041683371","1","6.66666666666667","6.44061188719531","11.1111111111111","10.4756560175785","30","1","60","total",NA,NA,NA
"Russian Federation","RUS","643","RLMS-HSE","CATI interview","non-households","unknwon","UNC Dataverse Download","2019","male","90","94","1","30","100","0","30","0","0","88.8888888888889","10.4756560175785","0","0","0","0","0","30","1","60","total",NA,NA,NA
"Russian Federation","RUS","643","RLMS-HSE","CATI interview","non-households","unknwon","UNC Dataverse Download","2019","total","15","19","111","30","52.3584905660377","3.4301916458988","30","47.1698113207547","3.4285084165643","77.6530612244898","1.33068503338549","28","13.2075471698113","2.32532754310614","25.2252252252252","4.12224304249932","30","1","60","total",NA,NA,NA
"Russian Federation","RUS","643","RLMS-HSE","CATI interview","non-households","unknwon","UNC Dataverse Download","2019","total","20","24","258","30","60.2803738317757","2.36520430144367","30","39.7196261682243","2.36520430144367","47.323600973236","1.74145005169313","88","20.5607476635514","1.95350776155733","34.1085271317829","2.95145548779397","30","1","60","total",NA,NA,NA
"Russian Federation","RUS","643","RLMS-HSE","CATI interview","non-households","unknwon","UNC Dataverse Download","2019","total","25","29","417","30","65.8767772511848","1.88447047725523","30","33.9652448657188","1.88235618702308","35.5555555555556","1.52134909052584","165","26.0663507109005","1.74485496516391","39.568345323741","2.39462857180798","30","1","60","total",NA,NA,NA
"Russian Federation","RUS","643","RLMS-HSE","CATI interview","non-households","unknwon","UNC Dataverse Download","2019","total","30","34","772","30","70.6959706959707","1.37736702586793","30","29.2124542124542","1.37610359978302","25.9133964817321","1.13971114582125","351","32.1428571428571","1.41328159968845","45.4663212435233","1.79212647481331","30","1","60","total",NA,NA,NA
"Russian Federation","RUS","643","RLMS-HSE","CATI interview","non-households","unknwon","UNC Dataverse Download","2019","total","35","39","730","30","69.7896749521989","1.41973550888455","30","30.1147227533461","1.41845786134815","26.9523151347616","1.16645234485068","342","32.6959847036329","1.45044697225846","46.8493150684932","1.84690529177805","30","1","60","total",NA,NA,NA
"Russian Federation","RUS","643","RLMS-HSE","CATI interview","non-households","unknwon","UNC Dataverse Download","2019","total","40","44","710","30","70.7171314741036","1.43615816066162","30","29.1832669322709","1.43472293658666","26.0233918128655","1.1862769971295","359","35.7569721115538","1.51260841584667","50.5633802816901","1.87634744172123","30","1","60","total",NA,NA,NA
"Russian Federation","RUS","643","RLMS-HSE","CATI interview","non-households","unknwon","UNC Dataverse Download","2019","total","45","49","626","30","69.9441340782123","1.53259976148548","30","29.9441340782123","1.53096976683338","26.904376012966","1.2624075146732","287","32.0670391061453","1.56012064910173","45.8466453674121","1.99149535437047","30","1","60","total",NA,NA,NA
"Russian Federation","RUS","643","RLMS-HSE","CATI interview","non-households","unknwon","UNC Dataverse Download","2019","total","50","54","479","30","68.8218390804598","1.75583525234442","30","31.1781609195402","1.75583525234442","29.476861167002","1.4461496691682","234","33.6206896551724","1.7906679357364","48.8517745302714","2.28395583021772","30","1","60","total",NA,NA,NA
"Russian Federation","RUS","643","RLMS-HSE","CATI interview","non-households","unknwon","UNC Dataverse Download","2019","total","55","59","491","30","65.2058432934927","1.73579697595793","30","34.7941567065073","1.73579697595793","36.1648444070648","1.39342094348841","227","30.1460823373174","1.6722967139218","46.2321792260692","2.25005251199891","30","1","60","total",NA,NA,NA
"Russian Federation","RUS","643","RLMS-HSE","CATI interview","non-households","unknwon","UNC Dataverse Download","2019","total","60","64","469","30","63.2075471698113","1.77036121679948","30","36.7924528301887","1.77036121679948","39.7094430992736","1.39006751006731","209","28.167115902965","1.65131866444479","44.5628997867804","2.29509439826643","30","1","60","total",NA,NA,NA
"Russian Federation","RUS","643","RLMS-HSE","CATI interview","non-households","unknwon","UNC Dataverse Download","2019","total","65","69","315","30","56.1497326203209","2.09497352294755","30","43.8502673796791","2.09497352294755","43.0722891566265","1.5690297127296","124","22.1033868092692","1.75189175697026","39.3650793650794","2.75271782759831","30","1","60","total",NA,NA,NA
"Russian Federation","RUS","643","RLMS-HSE","CATI interview","non-households","unknwon","UNC Dataverse Download","2019","total","70","74","212","30","57.2972972972973","2.57154357481558","30","42.7027027027027","2.57154357481558","49.0437158469945","1.84771514516601","65","17.5675675675676","1.97835402955555","30.6603773584906","3.16673377657754","30","1","60","total",NA,NA,NA
"Russian Federation","RUS","643","RLMS-HSE","CATI interview","non-households","unknwon","UNC Dataverse Download","2019","total","75","79","71","30","44.9367088607595","3.95733822673208","30","55.0632911392405","3.95733822673208","62.5292740046838","2.34246876960407","23","14.5569620253165","2.80572545180718","32.3943661971831","5.55388667156425","30","1","60","total",NA,NA,NA
"Russian Federation","RUS","643","RLMS-HSE","CATI interview","non-households","unknwon","UNC Dataverse Download","2019","total","80","84","73","30","44.7852760736196","3.89494454024767","30","55.2147239263804","3.89494454024767","66.8024439918534","2.12524246892736","15","9.20245398773006","2.26409726776346","20.5479452054795","4.72906557479304","30","1","60","total",NA,NA,NA
"Russian Federation","RUS","643","RLMS-HSE","CATI interview","non-households","unknwon","UNC Dataverse Download","2019","total","85","89","21","30","44.6808510638298","7.25186205668943","30","55.3191489361702","7.25186205668943","73.2954545454545","3.33483831344519","2","4.25531914893617","2.9442485362624","9.52380952380952","6.40564484890047","30","1","60","total",NA,NA,NA
"Russian Federation","RUS","643","RLMS-HSE","CATI interview","non-households","unknwon","UNC Dataverse Download","2019","total","90","94","4","30","44.4444444444444","16.5634664999984","30","55.5555555555556","16.5634664999984","84.2105263157895","4.82980492359077","0","0","0","0","0","30","1","60","total",NA,NA,NA
